insert into VehicleType values('Economy','AC',90,30,10,10,5,3,2,5); 
insert into VehicleType values('Compact','Heated seats',91,31,11,11,6,3,1,6);
insert into VehicleType values('Mid-size','GPS',92,32,12,12,7,3,5,7);
insert into VehicleType values('Standard','Sunroof',93,33,13,13,8,3,2,2);
insert into VehicleType values('Full-size','AC',94,34,14,14,9,3,0,1);
insert into VehicleType values('SUV','GPS',95,35,15,15,10,3,1,2);
insert into VehicleType values('Truck','Sunroof',96,36,16,16,11,3,1,5);

insert into customer values('1aaa', 'customer1', 'example street Vancouver BC', '(604) 123-4567');
insert into customer values('1aab', 'customer2', 'example street Vancouver BC', '(604) 123-4567');
insert into customer values('1aac', 'customer3', 'example street Vancouver BC', '(604) 123-4567');
insert into customer values('1aad', 'customer4', 'example street Vancouver BC', '(604) 123-4567');
insert into customer values('1aae', 'customer5', 'example street Vancouver BC', '(604) 123-4567');
insert into customer values('1aaf', 'customer6', 'example street Vancouver BC', '(604) 123-4567');
insert into customer values('1aag', 'customer7', 'example street Vancouver BC', '(604) 123-4567');
insert into customer values('1aah', 'customer8', 'example street Vancouver BC', '(604) 123-4567');
insert into customer values('1aai', 'customer9', 'example street Vancouver BC', '(604) 123-4567');
insert into customer values('1aaj', 'customer10', 'example street Vancouver BC', '(604) 123-4567');
insert into customer values('1aak', 'customer11', 'example street Vancouver BC', '(604) 123-4567');
insert into customer values('1aal', 'customer12', 'example street Vancouver BC', '(604) 123-4567');
insert into customer values('1aam', 'customer13', 'example street Vancouver BC', '(604) 123-4567');
insert into customer values('1aan', 'customer14', 'example street Vancouver BC', '(604) 123-4567');
insert into customer values('1aao', 'customer15', 'example street Vancouver BC', '(604) 123-4567');
insert into customer values('1aap', 'customer16', 'example street Vancouver BC', '(604) 123-4567');
insert into customer values('1aaq', 'customer17', 'example street Vancouver BC', '(604) 123-4567');
insert into customer values('1aar', 'customer18', 'example street Vancouver BC', '(604) 123-4567');
insert into customer values('1aas', 'customer19', 'example street Vancouver BC', '(604) 123-4567');
insert into customer values('1aat', 'customer20', 'example street Vancouver BC', '(604) 123-4567');
insert into customer values('1aau', 'customer21', 'example street Vancouver BC', '(604) 123-4567');
insert into customer values('1aav', 'customer22', 'example street Vancouver BC', '(604) 123-4567');
insert into customer values('1aaw', 'customer23', 'example street Vancouver BC', '(604) 123-4567');
insert into customer values('1aax', 'customer24', 'example street Vancouver BC', '(604) 123-4567');
insert into customer values('1aay', 'customer25', 'example street Vancouver BC', '(604) 123-4567');
insert into customer values('1aaz', 'customer26', 'example street Vancouver BC', '(604) 123-4567');

INSERT INTO Vehicle VALUES (1, '1F9AE2', 'Audi', 'Q5', '2018', 'White', 1000, 'Not available', 'SUV', 'Cambie', 'Vancouver', 'Gas');

INSERT INTO Vehicle VALUES (2, '155FCE', 'Mazda', '3', '2019', 'Black', 2000, 'Available', 'Compact', 'Oak', 'Vancouver', 'Gas');

INSERT INTO Vehicle VALUES (3, 'JF9E1C', 'Honda', 'Civic', '2018', 'Blue', 3000, 'Available', 'Mid-size', 'Oak', 'Vancouver', 'Gas');

INSERT INTO Vehicle VALUES (4, 'IJG9FQ', 'Toyota', 'Camry', '2019', 'Silver', 4000, 'Available', 'Standard', 'Granville', 'Vancouver', 'Gas');

INSERT INTO Vehicle VALUES (5, 'EFIV12', 'Mercedes-Benz', 'E class', '2019', 'Black', 5000, 'Not available', 'Full-size', 'Granville', 'Vancouver', 'Gas');

INSERT INTO Vehicle VALUES (6, 'E13V32', 'Honda', 'Fit', '2019', 'Black', 6000, 'Not available', 'Economy', 'Cambie', 'Vancouver', 'Gas');

INSERT INTO Vehicle VALUES (7, '1359FE', 'Ford', 'F150', '2019', 'Black', 7000, 'Available', 'Truck', 'Oak', 'Vancouver', 'Gas');

INSERT INTO Vehicle VALUES (8, '96FCEZ', 'Tesla', 'Model 3', '2019', 'Black', 8000, 'Available', 'Mid-size', 'Oak', 'Vancouver', 'Electric');

INSERT INTO Vehicle VALUES (9, 'MVC19X', 'BMW', 'X5', '2019', 'White', 9000, 'Available', 'SUV', 'Oak', 'Vancouver', 'Gas');

INSERT INTO Vehicle VALUES (10, 'VLOQ12', 'Toyota', 'Prius', '2018', 'White', 10000, 'Available', 'Mid-size', 'Oak', 'Vancouver', 'Hybrid');

INSERT INTO Vehicle VALUES (11, '11G9FQ', 'Toyota', 'Camry', '2019', 'Silver', 11000, 'Available', 'Standard', 'Oak', 'Vancouver', 'Gas');

INSERT INTO Vehicle VALUES (90, '144G9FQ', 'Toyota', 'Camry', '2019', 'Silver', 44000, 'Available', 'Standard', 'Oak', 'Vancouver', 'Gas');

INSERT INTO Vehicle VALUES (91, '145G9FQ', 'Toyota', 'Camry', '2019', 'Silver', 45000, 'Available', 'Standard', 'Oak', 'Vancouver', 'Gas');

INSERT INTO Vehicle VALUES (92, '146G9FQ', 'Toyota', 'Camry', '2019', 'Silver', 46000, 'Available', 'Standard', 'Oak', 'Vancouver', 'Gas');

INSERT INTO Vehicle VALUES (12, '12G9FQ', 'Toyota', 'Camry', '2019', 'Silver', 12000, 'Not available', 'Standard', 'SunnyCoast', 'Whistler', 'Gas');

INSERT INTO Vehicle VALUES (13, '13G9FQ', 'Honda', 'Accord', '2019', 'Silver', 13000, 'Not available', 'Standard', 'SunnyCoast', 'Whistler', 'Gas');

INSERT INTO Vehicle VALUES (14, 'I149FQ', 'Toyota', 'Camry', '2019', 'Silver', 14000, 'Not available', 'Standard', 'SunnyCoast', 'Whistler', 'Gas');

INSERT INTO Vehicle VALUES (15, 'I159FQ', 'Audi', 'A6', '2019', 'Silver', 15000, 'Not available', 'Standard', 'SunnyCoast', 'Whistler', 'Gas');

INSERT INTO Vehicle VALUES (16, 'I169FQ', 'BMW', '5 series', '2019', 'Silver', 16000, 'Not available', 'Standard', 'SunnyCoast', 'Whistler', 'Gas');

INSERT INTO Vehicle VALUES (17, 'I179FQ', 'Toyota', 'Camry', '2019', 'Silver', 17000, 'Not available', 'Standard', 'SunnyCoast', 'Whistler', 'Gas');

INSERT INTO Vehicle VALUES (18, 'I189FQ', 'Honda', 'Accord', '2019', 'Silver', 18000, 'Not available', 'Standard', 'SunnyCoast', 'Whistler', 'Gas');

INSERT INTO Vehicle VALUES (19, 'I199FQ', 'Audi', 'A6', '2019', 'Silver', 19000, 'Not available', 'Standard', 'SunnyCoast', 'Whistler', 'Gas');

INSERT INTO Vehicle VALUES (20, 'I209FQ', 'Hyundai', 'Sonata', '2019', 'Silver', 20000, 'Not available', 'Standard', 'SunnyCoast', 'Whistler', 'Gas');

INSERT INTO Vehicle VALUES (21, 'I219FQ', 'Toyota', 'Camry', '2019', 'Silver', 21000, 'Not available', 'Standard', 'SunnyCoast', 'Whistler', 'Gas');

INSERT INTO Vehicle VALUES (22, 'I229FQ', 'Toyota', 'Camry', '2019', 'Silver', 22000, 'Not available', 'Standard', 'SunnyCoast', 'Whistler', 'Gas');

INSERT INTO Vehicle VALUES (23, 'FJVX23', 'Toyota', 'Prius', '2018', 'Blue', 23000, 'Available', 'Mid-size', 'Bridgeport', 'Richmond', 'Hybrid');

INSERT INTO Vehicle VALUES (24, 'FJVX24', 'Honda', 'Fit', '2018', 'Black', 24000, 'Available', 'Economy', 'Bridgeport', 'Richmond', 'Gas');

INSERT INTO Vehicle VALUES (25, 'FJVX25', 'Honda', 'Fit', '2018', 'Blue', 25000, 'Available', 'Economy', 'Bridgeport', 'Richmond', 'Gas');

INSERT INTO Vehicle VALUES (26, 'FJVX26', 'Tesla', 'Model S', '2018', 'Blue', 26000, 'Available', 'Standard', 'Bridgeport', 'Richmond', 'Electric');

INSERT INTO Vehicle VALUES (27, 'FJVX27', 'Tesla', 'Model 3', '2018', 'White', 27000, 'Available', 'Mid-size', 'Bridgeport', 'Richmond', 'Electric');

INSERT INTO Vehicle VALUES (28, '2859FE', 'Mercedes-Benz', 'S class', '2019', 'Black', 28000, 'Available', 'Full-size', 'Bay', 'Seattle', 'Gas');

INSERT INTO Vehicle VALUES (29, '2959FE', 'Mercedes-Benz', 'S class', '2019', 'White', 29000, 'Available', 'Full-size', 'Bay', 'Seattle', 'Gas');

INSERT INTO Vehicle VALUES (30, '3059FE', 'Mercedes-Benz', 'S class', '2019', 'Orange', 30000, 'Available', 'Full-size', 'Bay', 'Seattle', 'Gas');

INSERT INTO Vehicle VALUES (31, '3159FE', 'Mercedes-Benz', 'S class', '2019', 'Rainbow', 31000, 'Available', 'Full-size', 'Bay', 'Seattle', 'Gas');

INSERT INTO Vehicle VALUES (32, '3259FE', 'Mercedes-Benz', 'S class', '2019', 'Blue', 32000, 'Available', 'Full-size', 'Bay', 'Seattle', 'Gas');

INSERT INTO Vehicle VALUES (33, '3359FE', 'Mercedes-Benz', 'S class', '2019', 'Green', 33000, 'Available', 'Full-size', 'Bay', 'Seattle', 'Gas');

INSERT INTO Vehicle VALUES (34, '3459FE', 'Mercedes-Benz', 'S class', '2019', 'Pink', 34000, 'Available', 'Full-size', 'Bay', 'Seattle', 'Gas');

INSERT INTO Vehicle VALUES (35, '3559FE', 'Mercedes-Benz', 'S class', '2019', 'Neon', 35000, 'Available', 'Full-size', 'Bay', 'Seattle', 'Gas');

INSERT INTO Vehicle VALUES (36, '3659FE', 'Toyota', 'Crown', '2019', 'Purple', 36000, 'Available', 'Full-size', 'Bay', 'Seattle', 'Gas');

INSERT INTO Vehicle VALUES (37, '3759FE', 'BMW', '7 series', '2019', 'Red', 37000, 'Available', 'Full-size', 'Bay', 'Seattle', 'Gas');

INSERT INTO Vehicle VALUES (38, '3859FE', 'Audi', 'A8', '2019', 'Black', 38000, 'Available', 'Full-size', 'Bay', 'Seattle', 'Gas');

INSERT INTO Vehicle VALUES (39, '3959FE', 'Audi', 'S8', '2019', 'Diamond', 39000, 'Available', 'Full-size', 'Bay', 'Seattle', 'Gas');

INSERT INTO Vehicle VALUES (40, '4059FE', 'BMW', '7 series', '2019', 'Yellow', 40000, 'Available', 'Full-size', 'Bay', 'Seattle', 'Gas');

INSERT INTO Vehicle VALUES (41, '4159FE', 'Toyota', 'Crown', '2019', 'Black', 41000, 'Available', 'Full-size', 'Bay', 'Seattle', 'Gas');

INSERT INTO Vehicle VALUES (42, '4259FE', 'Audi', 'A8', '2019', 'White', 42000, 'Available', 'Full-size', 'Bay', 'Seattle', 'Gas');

INSERT INTO Vehicle VALUES (43, '4359FE', 'Audi', 'A8', '2019', 'Black', 43000, 'Available', 'Full-size', 'Bay', 'Seattle', 'Gas');

INSERT INTO Vehicle VALUES (44, '43234E', 'Audi', 'A8', '2019', 'Black', 43000, 'Available', 'Standard', 'Oak', 'Vancouver', 'Gas');

INSERT INTO Vehicle VALUES (45, '1234FE', 'Audi', 'A8', '2019', 'Black', 43000, 'Available', 'Standard', 'Oak', 'Vancouver', 'Gas');

INSERT INTO Vehicle VALUES (46, '4459FE', 'Audi', 'A8', '2019', 'Black', 43000, 'Available', 'Standard', 'Oak', 'Vancouver', 'Gas');

INSERT INTO Vehicle VALUES (47, '4359ER', 'Audi', 'A8', '2019', 'Black', 43000, 'Available', 'Standard', 'Oak', 'Vancouver', 'Gas');

INSERT INTO Vehicle VALUES (48, '4359DF', 'Audi', 'A8', '2019', 'Black', 43000, 'Available', 'Standard', 'Oak', 'Vancouver', 'Gas');

INSERT INTO Vehicle VALUES (49, '4359WE', 'Audi', 'A8', '2019', 'Black', 43000, 'Available', 'Standard', 'Oak', 'Vancouver', 'Gas');

INSERT INTO Vehicle VALUES (50, '43523E', 'Audi', 'A8', '2019', 'Black', 43000, 'Available', 'Standard', 'Oak', 'Vancouver', 'Gas');

INSERT INTO Vehicle VALUES (51, '12353E', 'Audi', 'A8', '2019', 'Black', 43000, 'Available', 'Standard', 'Oak', 'Vancouver', 'Gas');

INSERT INTO Vehicle VALUES (52, '3FS52E', 'Audi', 'A8', '2019', 'Black', 43000, 'Available', 'Standard', 'Oak', 'Vancouver', 'Gas');

INSERT INTO Vehicle VALUES (53, '4SDFEE', 'Audi', 'A8', '2019', 'Black', 43000, 'Available', 'Standard', 'Oak', 'Vancouver', 'Gas');

insert into reservation values(101, 'Standard', '1aaa', TO_TIMESTAMP('2018-01-11 00:00:01.00', 'YYYY-MM-DD HH24:MI:SS.FF'), TO_TIMESTAMP('2018-01-12 00:00:01.00', 'YYYY-MM-DD HH24:MI:SS.FF'), 'Granville', 'Vancouver');
insert into reservation values(102, 'Standard', '1aab', TO_TIMESTAMP('2018-01-11 00:00:01.00', 'YYYY-MM-DD HH24:MI:SS.FF'), TO_TIMESTAMP('2018-01-12 00:00:01.00', 'YYYY-MM-DD HH24:MI:SS.FF'), 'Granville', 'Vancouver');
insert into reservation values(103, 'Standard', '1aac', TO_TIMESTAMP('2018-01-11 00:00:01.00', 'YYYY-MM-DD HH24:MI:SS.FF'), TO_TIMESTAMP('2018-01-12 00:00:01.00', 'YYYY-MM-DD HH24:MI:SS.FF'), 'Granville', 'Vancouver');
insert into reservation values(104, 'Standard', '1aad', TO_TIMESTAMP('2018-01-11 00:00:01.00', 'YYYY-MM-DD HH24:MI:SS.FF'), TO_TIMESTAMP('2018-01-12 00:00:01.00', 'YYYY-MM-DD HH24:MI:SS.FF'), 'Granville', 'Vancouver');
insert into reservation values(105, 'Standard', '1aae', TO_TIMESTAMP('2018-01-11 00:00:01.00', 'YYYY-MM-DD HH24:MI:SS.FF'), TO_TIMESTAMP('2018-01-12 00:00:01.00', 'YYYY-MM-DD HH24:MI:SS.FF'), 'Granville', 'Vancouver');
insert into reservation values(106, 'Standard', '1aaf', TO_TIMESTAMP('2018-01-11 00:00:01.00', 'YYYY-MM-DD HH24:MI:SS.FF'), TO_TIMESTAMP('2018-01-12 00:00:01.00', 'YYYY-MM-DD HH24:MI:SS.FF'), 'Granville', 'Vancouver');
insert into reservation values(107, 'Standard', '1aag', TO_TIMESTAMP('2018-01-11 00:00:01.00', 'YYYY-MM-DD HH24:MI:SS.FF'), TO_TIMESTAMP('2018-01-12 00:00:01.00', 'YYYY-MM-DD HH24:MI:SS.FF'), 'Granville', 'Vancouver');
insert into reservation values(108, 'Standard', '1aah', TO_TIMESTAMP('2018-01-11 00:00:01.00', 'YYYY-MM-DD HH24:MI:SS.FF'), TO_TIMESTAMP('2018-01-12 00:00:01.00', 'YYYY-MM-DD HH24:MI:SS.FF'), 'Granville', 'Vancouver');
insert into reservation values(109, 'Standard', '1aai', TO_TIMESTAMP('2018-01-11 00:00:01.00', 'YYYY-MM-DD HH24:MI:SS.FF'), TO_TIMESTAMP('2018-01-12 00:00:01.00', 'YYYY-MM-DD HH24:MI:SS.FF'), 'Granville', 'Vancouver');
insert into reservation values(110, 'Standard', '1aaj', TO_TIMESTAMP('2018-01-11 00:00:01.00', 'YYYY-MM-DD HH24:MI:SS.FF'), TO_TIMESTAMP('2018-01-12 00:00:01.00', 'YYYY-MM-DD HH24:MI:SS.FF'), 'Granville', 'Vancouver');
insert into reservation values(111, 'Standard', '1aak', TO_TIMESTAMP('2018-01-11 00:00:01.00', 'YYYY-MM-DD HH24:MI:SS.FF'), TO_TIMESTAMP('2018-01-12 00:00:01.00', 'YYYY-MM-DD HH24:MI:SS.FF'), 'Granville', 'Vancouver');
insert into reservation values(112, 'Standard', '1aal', TO_TIMESTAMP('2018-01-11 00:00:01.00', 'YYYY-MM-DD HH24:MI:SS.FF'), TO_TIMESTAMP('2018-01-12 00:00:01.00', 'YYYY-MM-DD HH24:MI:SS.FF'), 'Granville', 'Vancouver');
insert into reservation values(113, 'SUV', '1aam', TO_TIMESTAMP('2018-01-12 00:00:01.00', 'YYYY-MM-DD HH24:MI:SS.FF'), TO_TIMESTAMP('2018-01-19 00:00:01.00', 'YYYY-MM-DD HH24:MI:SS.FF'), 'Granville', 'Vancouver');
insert into reservation values(114, 'Full-size', '1aan', TO_TIMESTAMP('2018-01-12 00:00:01.00', 'YYYY-MM-DD HH24:MI:SS.FF'), TO_TIMESTAMP('2018-01-19 00:00:01.00', 'YYYY-MM-DD HH24:MI:SS.FF'), 'Granville', 'Vancouver');
insert into reservation values(115, 'Economy', '1aao', TO_TIMESTAMP('2018-01-12 00:00:01.00', 'YYYY-MM-DD HH24:MI:SS.FF'), TO_TIMESTAMP('2018-01-19 00:00:01.00', 'YYYY-MM-DD HH24:MI:SS.FF'), 'Granville', 'Vancouver');
insert into reservation values(116, 'Standard', '1aaa', TO_TIMESTAMP('2018-01-11 00:00:01.00', 'YYYY-MM-DD HH24:MI:SS.FF'), TO_TIMESTAMP('2018-01-12 00:00:01.00', 'YYYY-MM-DD HH24:MI:SS.FF'), 'Granville', 'Vancouver');
insert into reservation values(117, 'Standard', '1aab', TO_TIMESTAMP('2018-01-11 00:00:01.00', 'YYYY-MM-DD HH24:MI:SS.FF'), TO_TIMESTAMP('2018-01-12 00:00:01.00', 'YYYY-MM-DD HH24:MI:SS.FF'), 'Granville', 'Vancouver');
insert into reservation values(118, 'Standard', '1aac', TO_TIMESTAMP('2018-01-11 00:00:01.00', 'YYYY-MM-DD HH24:MI:SS.FF'), TO_TIMESTAMP('2018-01-12 00:00:01.00', 'YYYY-MM-DD HH24:MI:SS.FF'), 'Granville', 'Vancouver');
insert into reservation values(119, 'Standard', '1aad', TO_TIMESTAMP('2018-01-11 00:00:01.00', 'YYYY-MM-DD HH24:MI:SS.FF'), TO_TIMESTAMP('2018-01-12 00:00:01.00', 'YYYY-MM-DD HH24:MI:SS.FF'), 'Granville', 'Vancouver');
insert into reservation values(120, 'Standard', '1aae', TO_TIMESTAMP('2018-01-11 00:00:01.00', 'YYYY-MM-DD HH24:MI:SS.FF'), TO_TIMESTAMP('2018-01-12 00:00:01.00', 'YYYY-MM-DD HH24:MI:SS.FF'), 'Granville', 'Vancouver');
insert into reservation values(121, 'Standard', '1aaf', TO_TIMESTAMP('2018-01-11 00:00:01.00', 'YYYY-MM-DD HH24:MI:SS.FF'), TO_TIMESTAMP('2018-01-12 00:00:01.00', 'YYYY-MM-DD HH24:MI:SS.FF'), 'Granville', 'Vancouver');
insert into reservation values(122, 'Standard', '1aag', TO_TIMESTAMP('2018-01-11 00:00:01.00', 'YYYY-MM-DD HH24:MI:SS.FF'), TO_TIMESTAMP('2018-01-12 00:00:01.00', 'YYYY-MM-DD HH24:MI:SS.FF'), 'Granville', 'Vancouver');
insert into reservation values(123, 'Standard', '1aah', TO_TIMESTAMP('2018-01-11 00:00:01.00', 'YYYY-MM-DD HH24:MI:SS.FF'), TO_TIMESTAMP('2018-01-12 00:00:01.00', 'YYYY-MM-DD HH24:MI:SS.FF'), 'Granville', 'Vancouver');
insert into reservation values(124, 'Standard', '1aai', TO_TIMESTAMP('2018-01-11 00:00:01.00', 'YYYY-MM-DD HH24:MI:SS.FF'), TO_TIMESTAMP('2018-01-12 00:00:01.00', 'YYYY-MM-DD HH24:MI:SS.FF'), 'Granville', 'Vancouver');
insert into reservation values(125, 'Standard', '1aaj', TO_TIMESTAMP('2018-01-11 00:00:01.00', 'YYYY-MM-DD HH24:MI:SS.FF'), TO_TIMESTAMP('2018-01-12 00:00:01.00', 'YYYY-MM-DD HH24:MI:SS.FF'), 'Granville', 'Vancouver');
insert into reservation values(126, 'Standard', '1aak', TO_TIMESTAMP('2018-01-11 00:00:01.00', 'YYYY-MM-DD HH24:MI:SS.FF'), TO_TIMESTAMP('2018-01-12 00:00:01.00', 'YYYY-MM-DD HH24:MI:SS.FF'), 'Granville', 'Vancouver');
insert into reservation values(127, 'Standard', '1aal', TO_TIMESTAMP('2018-01-11 00:00:01.00', 'YYYY-MM-DD HH24:MI:SS.FF'), TO_TIMESTAMP('2018-01-12 00:00:01.00', 'YYYY-MM-DD HH24:MI:SS.FF'), 'Granville', 'Vancouver');
insert into reservation values(128, 'Standard', '1aal', TO_TIMESTAMP('2018-01-11 00:00:01.00', 'YYYY-MM-DD HH24:MI:SS.FF'), TO_TIMESTAMP('2018-01-12 00:00:01.00', 'YYYY-MM-DD HH24:MI:SS.FF'), 'Oak', 'Vancouver');

insert into rent values(1, 11, '1aaa', TO_TIMESTAMP('2019-11-29 00:00:01','YYYY-MM-DD HH24:MI:SS'),TO_TIMESTAMP('2019-11-30 00:00:01', 'YYYY-MM-DD HH24:MI:SS'), '11000', 'MasterCard', '001', TO_TIMESTAMP('2050-12-31 00:00:01', 'YYYY-MM-DD HH24:MI:SS'), '101');
insert into rent values(2, 12, '1aab', TO_TIMESTAMP('2019-11-29 00:00:01','YYYY-MM-DD HH24:MI:SS'),TO_TIMESTAMP('2019-11-30 00:00:01', 'YYYY-MM-DD HH24:MI:SS'), '12000', 'MasterCard', '002', TO_TIMESTAMP('2050-12-31 00:00:01', 'YYYY-MM-DD HH24:MI:SS'), '102');
insert into rent values(3, 13, '1aac', TO_TIMESTAMP('2019-11-29 00:00:01','YYYY-MM-DD HH24:MI:SS'),TO_TIMESTAMP('2019-11-30 00:00:01', 'YYYY-MM-DD HH24:MI:SS'), '13000', 'MasterCard', '003', TO_TIMESTAMP('2050-12-31 00:00:01', 'YYYY-MM-DD HH24:MI:SS'), '103');
insert into rent values(4, 14, '1aad', TO_TIMESTAMP('2019-11-29 00:00:01','YYYY-MM-DD HH24:MI:SS'),TO_TIMESTAMP('2019-11-30 00:00:01', 'YYYY-MM-DD HH24:MI:SS'), '14000', 'MasterCard', '004', TO_TIMESTAMP('2050-12-31 00:00:01', 'YYYY-MM-DD HH24:MI:SS'), '104');
insert into rent values(5, 15, '1aae', TO_TIMESTAMP('2019-11-29 00:00:01','YYYY-MM-DD HH24:MI:SS'),TO_TIMESTAMP('2019-11-30 00:00:01', 'YYYY-MM-DD HH24:MI:SS'), '15000', 'MasterCard', '005', TO_TIMESTAMP('2050-12-31 00:00:01', 'YYYY-MM-DD HH24:MI:SS'), '105');
insert into rent values(6, 16, '1aaf', TO_TIMESTAMP('2019-11-29 00:00:01','YYYY-MM-DD HH24:MI:SS'),TO_TIMESTAMP('2019-12-19 00:01:01', 'YYYY-MM-DD HH24:MI:SS'), '16000', 'MasterCard', '006', TO_TIMESTAMP('2050-12-31 00:00:01', 'YYYY-MM-DD HH24:MI:SS'), '106');
insert into rent values(7, 17, '1aag', TO_TIMESTAMP('2019-11-29 00:00:01','YYYY-MM-DD HH24:MI:SS'),TO_TIMESTAMP('2019-12-19 00:01:01', 'YYYY-MM-DD HH24:MI:SS'), '17000', 'MasterCard', '007', TO_TIMESTAMP('2050-12-31 00:00:01', 'YYYY-MM-DD HH24:MI:SS'), '107');
insert into rent values(8, 18, '1aah', TO_TIMESTAMP('2019-11-29 00:00:01','YYYY-MM-DD HH24:MI:SS'),TO_TIMESTAMP('2019-12-19 00:01:01', 'YYYY-MM-DD HH24:MI:SS'), '18000', 'MasterCard', '008', TO_TIMESTAMP('2050-12-31 00:00:01', 'YYYY-MM-DD HH24:MI:SS'), '108');
insert into rent values(9, 19, '1aai', TO_TIMESTAMP('2019-11-29 00:00:01','YYYY-MM-DD HH24:MI:SS'),TO_TIMESTAMP('2019-12-19 00:01:01', 'YYYY-MM-DD HH24:MI:SS'), '19000', 'MasterCard', '009', TO_TIMESTAMP('2050-12-31 00:00:01', 'YYYY-MM-DD HH24:MI:SS'), '109');
insert into rent values(10, 20, '1aaj', TO_TIMESTAMP('2019-11-29 00:00:01','YYYY-MM-DD HH24:MI:SS'),TO_TIMESTAMP('2019-12-19 00:01:01', 'YYYY-MM-DD HH24:MI:SS'), '20000', 'MasterCard', '010', TO_TIMESTAMP('2050-12-31 00:00:01', 'YYYY-MM-DD HH24:MI:SS'), '110');
insert into rent values(11, 21, '1aak', TO_TIMESTAMP('2019-11-29 00:00:01','YYYY-MM-DD HH24:MI:SS'),TO_TIMESTAMP('2018-12-07 00:00:01', 'YYYY-MM-DD HH24:MI:SS'), '21000', 'MasterCard', '011', TO_TIMESTAMP('2050-12-31 00:00:01', 'YYYY-MM-DD HH24:MI:SS'), '111');
insert into rent values(12, 22, '1aal', TO_TIMESTAMP('2019-11-29 00:00:01','YYYY-MM-DD HH24:MI:SS'),TO_TIMESTAMP('2018-12-07 00:00:01', 'YYYY-MM-DD HH24:MI:SS'), '22000', 'MasterCard', '012', TO_TIMESTAMP('2050-12-31 00:00:01', 'YYYY-MM-DD HH24:MI:SS'), '112');
insert into rent values(13, 1, '1aam', TO_TIMESTAMP('2019-11-29 00:00:01','YYYY-MM-DD HH24:MI:SS'), TO_TIMESTAMP('2018-12-07 00:00:01', 'YYYY-MM-DD HH24:MI:SS'), '1000', 'MasterCard', '013', TO_TIMESTAMP('2050-12-31 00:00:01', 'YYYY-MM-DD HH24:MI:SS'), '113');
insert into rent values(14, 5, '1aan', TO_TIMESTAMP('2019-10-30 00:00:01', 'YYYY-MM-DD HH24:MI:SS') ,TO_TIMESTAMP('2019-11-30 00:00:01', 'YYYY-MM-DD HH24:MI:SS'), '5000', 'MasterCard', '014', TO_TIMESTAMP('2050-12-31 00:00:01', 'YYYY-MM-DD HH24:MI:SS'), '114');
insert into rent values(15, 6, '1aao', TO_TIMESTAMP('2019-10-30 00:00:01', 'YYYY-MM-DD HH24:MI:SS') ,TO_TIMESTAMP('2019-11-30 00:00:01', 'YYYY-MM-DD HH24:MI:SS'), '6000', 'MasterCard', '015', TO_TIMESTAMP('2050-12-31 00:00:01', 'YYYY-MM-DD HH24:MI:SS'), '115');
insert into rent values(16, 2, '1aap', TO_TIMESTAMP('2018-10-30 00:00:01', 'YYYY-MM-DD HH24:MI:SS'),TO_TIMESTAMP('2018-11-01 00:00:01', 'YYYY-MM-DD HH24:MI:SS'), '2000', 'MasterCard', '016', TO_TIMESTAMP('2050-12-31 00:00:01', 'YYYY-MM-DD HH24:MI:SS'), '116');
insert into rent values(17, 3, '1aaq', TO_TIMESTAMP('2018-10-30 00:00:01', 'YYYY-MM-DD HH24:MI:SS'),TO_TIMESTAMP('2018-11-01 00:00:01', 'YYYY-MM-DD HH24:MI:SS'), '3000', 'MasterCard', '017', TO_TIMESTAMP('2050-12-31 00:00:01', 'YYYY-MM-DD HH24:MI:SS'), '117');
insert into rent values(18, 7, '1aar', TO_TIMESTAMP('2018-10-30 00:00:01', 'YYYY-MM-DD HH24:MI:SS'),TO_TIMESTAMP('2018-11-01 00:00:01', 'YYYY-MM-DD HH24:MI:SS'), '7000', 'MasterCard', '018', TO_TIMESTAMP('2050-12-31 00:00:01', 'YYYY-MM-DD HH24:MI:SS'), '118');
insert into rent values(19, 8, '1aas', TO_TIMESTAMP('2018-10-30 00:00:01', 'YYYY-MM-DD HH24:MI:SS'),TO_TIMESTAMP('2018-11-01 00:00:01', 'YYYY-MM-DD HH24:MI:SS'), '8000', 'MasterCard', '019', TO_TIMESTAMP('2050-12-31 00:00:01', 'YYYY-MM-DD HH24:MI:SS'), '119');
insert into rent values(20, 9, '1aat', TO_TIMESTAMP('2018-10-30 00:00:01', 'YYYY-MM-DD HH24:MI:SS'),TO_TIMESTAMP('2018-11-01 00:00:01', 'YYYY-MM-DD HH24:MI:SS'), '9000', 'MasterCard', '020', TO_TIMESTAMP('2050-12-31 00:00:01', 'YYYY-MM-DD HH24:MI:SS'), '120');
insert into rent values(21, 10, '1aau', TO_TIMESTAMP('2018-10-30 00:00:01', 'YYYY-MM-DD HH24:MI:SS'),TO_TIMESTAMP('2018-11-01 00:00:01', 'YYYY-MM-DD HH24:MI:SS'), '10000', 'MasterCard', '021', TO_TIMESTAMP('2050-12-31 00:00:01', 'YYYY-MM-DD HH24:MI:SS'), '121');
insert into rent values(22, 11, '1aav', TO_TIMESTAMP('2018-10-30 00:00:01', 'YYYY-MM-DD HH24:MI:SS'),TO_TIMESTAMP('2018-11-01 00:00:01', 'YYYY-MM-DD HH24:MI:SS'), '11000', 'MasterCard', '022', TO_TIMESTAMP('2050-12-31 00:00:01', 'YYYY-MM-DD HH24:MI:SS'), '122');
insert into rent values(23, 43, '1aaw', TO_TIMESTAMP('2018-10-30 00:00:01', 'YYYY-MM-DD HH24:MI:SS'),TO_TIMESTAMP('2018-11-01 00:00:01', 'YYYY-MM-DD HH24:MI:SS'), '44000', 'MasterCard', '023', TO_TIMESTAMP('2050-12-31 00:00:01', 'YYYY-MM-DD HH24:MI:SS'), '123');
insert into rent values(24, 45, '1aax', TO_TIMESTAMP('2018-10-30 00:00:01', 'YYYY-MM-DD HH24:MI:SS'),TO_TIMESTAMP('2018-11-01 00:00:01', 'YYYY-MM-DD HH24:MI:SS'), '45000', 'MasterCard', '024', TO_TIMESTAMP('2050-12-31 00:00:01', 'YYYY-MM-DD HH24:MI:SS'), '124');
insert into rent values(25, 46, '1aay', TO_TIMESTAMP('2018-10-30 00:00:01', 'YYYY-MM-DD HH24:MI:SS'),TO_TIMESTAMP('2018-11-01 00:00:01', 'YYYY-MM-DD HH24:MI:SS'), '46000', 'MasterCard', '025', TO_TIMESTAMP('2050-12-31 00:00:01', 'YYYY-MM-DD HH24:MI:SS'), '125');
insert into rent values(26, 4, '1aaz', TO_TIMESTAMP('2018-10-30 00:00:01', 'YYYY-MM-DD HH24:MI:SS'),TO_TIMESTAMP('2018-11-01 00:00:01', 'YYYY-MM-DD HH24:MI:SS'), '46000', 'MasterCard', '025', TO_TIMESTAMP('2050-12-31 00:00:01', 'YYYY-MM-DD HH24:MI:SS'), '126');


--11-1-2018, Oak--
insert into return values (16, TO_TIMESTAMP('2018-01-11 00:00:01', 'YYYY-MM-DD HH24:MI:SS.FF'), 2100, 'true', 100.28);
insert into return values (17, TO_TIMESTAMP('2018-01-11 00:00:01', 'YYYY-MM-DD HH24:MI:SS.FF'), 3100, 'true', 200.58);
insert into return values (18, TO_TIMESTAMP('2018-01-11 00:00:01', 'YYYY-MM-DD HH24:MI:SS.FF'),  7100, 'true', 530.68);
insert into return values (19, TO_TIMESTAMP('2018-01-11 00:00:01', 'YYYY-MM-DD HH24:MI:SS.FF'), 8100, 'true', 100.29);
insert into return values (20, TO_TIMESTAMP('2018-01-11 00:00:01', 'YYYY-MM-DD HH24:MI:SS.FF'),  9100, 'true', 100.28);
insert into return values (21, TO_TIMESTAMP('2018-01-11 00:00:01', 'YYYY-MM-DD HH24:MI:SS.FF'), 10100, 'true', 30.28);
insert into return values (22, TO_TIMESTAMP('2018-01-11 00:00:01', 'YYYY-MM-DD HH24:MI:SS.FF'),  11100, 'true', 40.28);
insert into return values (23, TO_TIMESTAMP('2018-01-11 00:00:01', 'YYYY-MM-DD HH24:MI:SS.FF'),44100, 'true', 50.28);
insert into return values (24, TO_TIMESTAMP('2018-01-11 00:00:01', 'YYYY-MM-DD HH24:MI:SS.FF'), 45100, 'true', 600.28);
insert into return values (25, TO_TIMESTAMP('2018-01-11 00:00:01', 'YYYY-MM-DD HH24:MI:SS.FF'), 46100, 'true', 4000.28);
insert into return values (26, TO_TIMESTAMP('2018-01-11 00:00:01', 'YYYY-MM-DD HH24:MI:SS.FF'),46100, 'true', 4000.28);

commit;